/*    ==Scripting Parameters==

    This auto-generated seed script fill database with random test data.

*/
USE [SimpleBlog]
GO
INSERT [dbo].[AspNetUsers] ([Id], [AccessFailedCount], [ConcurrencyStamp], [Email], [EmailConfirmed], [FullName], [LockoutEnabled], [LockoutEnd], [NormalizedEmail], [NormalizedUserName], [PasswordHash], [PhoneNumber], [PhoneNumberConfirmed], [SecurityStamp], [TwoFactorEnabled], [UserName]) VALUES (N'e7c5ee09-bb37-46e9-aa49-85cd72548ba6', 0, N'06131d05-2a74-445d-bea0-126737bedbb6', N'admin@simpleblog.com', 0, N'Blog Administrator', 1, NULL, N'ADMIN@SIMPLEBLOG.COM', N'ADMIN@SIMPLEBLOG.COM', N'AQAAAAEAACcQAAAAEPgekza08MIE0ISU2+MzSPNyh7wCie1lYRKIglTgB6NgoNsfrTH/PaB3TnJdp5pm+Q==', NULL, 0, N'28576b29-03df-4a47-92b4-8af9027f6bac', 0, N'admin@simpleblog.com')
SET IDENTITY_INSERT [dbo].[Posts] ON 

INSERT [dbo].[Posts] ([Id], [Description], [Modified], [Posted], [PostedBy], [Published], [Text], [Title], [AuthorName]) VALUES (1, N'An mel facilisi torquatos, cu latine virtute vel, est ea meis debet verear. An vix veniam copiosae delicatissimi, volutpat euripidis pro in. Eos postea salutatus temporibus an, eu rebum possit invidunt sed. Et delenit meliore constituam sit. Nec eu unum assum consectetuer, at vel ancillae intellegam.', CAST(N'2017-10-12T21:21:58.410' AS DateTime), CAST(N'2017-10-12T21:21:51.270' AS DateTime), N'admin@simpleblog.com', 1, N'<p>Qui an modo recteque, te minim essent phaedrum eum. Ius eu quas conceptam adversarium, sumo impetus impedit has id, sit in meis mucius perpetua. Nobis consulatu iracundia ea eum. Ne nisl epicuri sed.</p>
<p>Meliore partiendo dissentiunt ei pro, omnis nihil vocent id eam. Cu aeterno dignissim consetetur vis, cum nostrud phaedrum gubergren at. At facete meliore his, veri aliquando est ea, tollit senserit usu et. Cu dicit habemus usu, elit mediocrem no est, sumo explicari ullamcorper an eam. Cu sed homero iriure postulant. Tractatos consetetur ne mei, eum dolorum corpora ex, rebum deseruisse nec ea.</p>
<p>Te nam reque nihil tacimates. Porro vocibus nusquam eum ex. Eu his inimicus recteque. Vix discere appareat legendos in. Assum aliquid ei mea, tritani meliore at pri. Populo sadipscing pro an, bonorum dolorum alienum vix ad. Ea libris fabulas ius, eum delicatissimi conclusionemque eu.</p>', N'Tation abhorreant et nam, ius errem lucilius nominati ne, at vis illud labitur commune. Est nonumes noluisse at. Singulis democritum.', N'Blog Administrator')
INSERT [dbo].[Posts] ([Id], [Description], [Modified], [Posted], [PostedBy], [Published], [Text], [Title], [AuthorName]) VALUES (2, N'Primis labitur voluptatum est ut, duo in vide novum omittantur. Est id putent melius aperiri, quo cu facer debet quaerendum. Ex nec illum nostrud. Qui ei illum error epicurei. Ne eos invenire sadipscing, sea veri eligendi pertinacia at.', NULL, CAST(N'2017-10-12T21:26:51.400' AS DateTime), N'admin@simpleblog.com', 1, N'<p>Ei conceptam signiferumque vix. At aliquip deleniti pri, vix cu essent labores dissentiet. Vix cu eros clita solet, unum ignota ei quo. Quo at liber omnes voluptatibus. Eripuit inimicus efficiendi cu vim, semper prompta quaeque an ius, vix id prima animal meliore. Ei audiam alienum sit.</p>
<p>Volumus constituto vix ei, ei vis dolor voluptatibus. Mei ea quot zril docendi, ex eum hinc munere constituam, integre fierent fabellas ei has. Mea te veniam animal, ei ius insolens vulputate, sed et erant tacimates pericula. Ei mea congue recteque. Ea virtute suscipit tincidunt duo, alii putant persequeris vim no. Quas eleifend instructior an usu. Elitr timeam persecuti cu est.</p>
<p>Duis postea scripta usu ei, pri alii affert virtute te. Veritus quaestio id eos, vix at enim aeque vocent. Ne nusquam epicurei has. Mel wisi assentior cu. Ut mei diceret sanctus. Mazim animal commodo ea est. Nibh rationibus nec id, quidam iisque antiopam in vel.</p>', N'Pro utinam viderer forensibus ei. Pro vitae torquatos expetendis ad, nam dicant dictas ex. Rebum dictas euismod ne ius mucius.', N'Blog Administrator')
INSERT [dbo].[Posts] ([Id], [Description], [Modified], [Posted], [PostedBy], [Published], [Text], [Title], [AuthorName]) VALUES (3, N'Has augue appareat ea, sed odio zril eu. Quis ipsum legendos an nec, sit scripta urbanitas dissentiunt te. Vel et legimus dissentiunt, aliquid mnesarchum duo at. Denique voluptua scribentur eu.', NULL, CAST(N'2017-10-12T21:29:26.817' AS DateTime), N'admin@simpleblog.com', 1, N'<p>Mel minim petentium elaboraret ad, te usu nulla sensibus, eu eirmod eripuit efficiendi vim. Id autem feugiat vel, ullamcorper deterruisset ne cum. Per te dicam aliquando, duo quas definitionem conclusionemque ex. Ea sit iudico legere deterruisset, vis ea debitis nominati quaestio, ea agam vituperatoribus nam. Qui saepe dicam an, nostrum voluptaria in eum, feugiat ponderum at sed. Mel facete gubergren no.</p>
<p>Nominati partiendo ei vel. Vim ne malis vivendum necessitatibus. Et has periculis assueverit, eum fugit zril ex. In platonem efficiendi ius, ex has vocent alterum deleniti. Vim et sensibus mediocrem consetetur.</p>
<p>Eum et error nostrud assentior, mei platonem vituperata ex, eam nulla legere docendi in. Id posse disputationi nec. Vix impedit apeirian principes an. Quot quas quodsi ad eos, nam et alia sale quaeque, ad soleat cetero ancillae sed.</p>', N'Ea audiam nominati pertinacia quo. An has idque primis consequat.', N'Blog Administrator')
INSERT [dbo].[Posts] ([Id], [Description], [Modified], [Posted], [PostedBy], [Published], [Text], [Title], [AuthorName]) VALUES (4, N'Ius an partiendo maiestatis repudiandae, ea sit choro civibus ullamcorper. Ei mei pertinax temporibus. Ei sea omittam similique constituto. Primis erroribus ullamcorper et pri, in eam utroque percipit, quas persius.', CAST(N'2017-10-12T21:42:31.483' AS DateTime), CAST(N'2017-10-12T21:42:20.977' AS DateTime), N'admin@simpleblog.com', 1, N'<p>Per ei propriae placerat prodesset. Sumo facer indoctum vim cu. Solum interesset in mel. Mei an animal admodum nominavi, nec ne timeam evertitur. Sit brute malorum feugait eu.</p>
<p>Pro quod lucilius te, vix labore facete at. Mei iisque dolores eleifend an, gloriatur abhorreant vis in. Ea deserunt pericula usu, graeci nostro accusam ne est. Cum vitae everti interpretaris et, pri sensibus interesset ex. Facer petentium eu vel. Quaeque interesset mei ne, eos erroribus iracundia ex, ex omnesque quaerendum has.</p>
<p>An quo graece recteque eloquentiam, quo modus torquatos te. His et clita nominavi, nec illud nostro salutatus cu, sed nibh scripta at. Ipsum impetus interpretaris sea ne. Cu quo noster persecuti.</p>
<p>Sea in purto tacimates repudiandae. Eu vis veniam doming gubergren, reque petentium persecuti ne mea. Eum te natum velit disputationi, cu mea liber labores signiferumque. Quo fabellas gloriatur et, at tation nusquam consulatu cum. Eam ea movet postea quaerendum, an libris assueverit vix, at audiam integre principes his. Dicit eloquentiam mediocritatem his in.</p>
<p>Elit quidam delectus eum ea, eripuit partiendo accommodare duo ei, vim ad eligendi scaevola perpetua. An mel malis ullum oblique, elit veri ancillae te mei. Idque mucius intellegat vim in. Et debitis necessitatibus sea, nam ex augue essent deserunt. Has elitr commune cu, quot novum posidonium pro ut.</p>', N'Mucius postea ceteros.', N'Blog Administrator')
INSERT [dbo].[Posts] ([Id], [Description], [Modified], [Posted], [PostedBy], [Published], [Text], [Title], [AuthorName]) VALUES (5, N'Nam summo feugiat ad, an ius verear persequeris. Ne modo gloriatur philosophia nec, ad has.', NULL, CAST(N'2017-10-12T21:45:07.463' AS DateTime), N'admin@simpleblog.com', 1, N'<p>Eu alii unum accumsan eam, qui ad modo soleat adversarium. Ad viris graeci mel, usu quem consul pertinacia te. Nec eu harum audiam laboramus, vis ex purto populo, mea semper facilisi aliquando cu. Deleniti mandamus oportere cu has, sea doming torquatos definitionem cu, quem enim percipitur an sit.</p>', N'Nam ad veri adipiscing. Sit iriure vituperata.', N'Blog Administrator')
INSERT [dbo].[Posts] ([Id], [Description], [Modified], [Posted], [PostedBy], [Published], [Text], [Title], [AuthorName]) VALUES (6, N'Vix ea ponderum legendos imperdiet, ad veniam eleifend praesent nec. Pri eu alterum antiopam, minim inciderint in ius. Eu quod assum tempor usu. Et prompta fabellas sit, quem conclusionemque cu vim. Purto assum perfecto ad mei, in possim fabulas repudiare usu. Id vim possim nominavi, eum dicat liber indoctum at. Mea ad agam duis vidit.', CAST(N'2017-10-12T21:46:16.863' AS DateTime), CAST(N'2017-10-12T21:46:06.787' AS DateTime), N'admin@simpleblog.com', 1, N'<p>An pri docendi senserit interesset, vim te sanctus postulant. Labore numquam placerat ut usu. Id veniam invenire necessitatibus pri. Graece putant fierent ea qui. At noster principes scripserit usu, quo homero populo verear ad.</p>
<p>Tollit dolorum mei eu, nulla qualisque sententiae ut qui. Ne sea cetero voluptatibus, iudicabit scribentur in cum, aliquam partiendo honestatis an mei. No scriptorem dissentiet quo, sed eleifend forensibus delicatissimi in, cum dictas maiorum minimum ne. Et nec eius voluptua eloquentiam. No eam omittam democritum, ei alii suscipiantur usu.</p>
<p>Ad sed postulant laboramus. Te vide praesent qui. Porro prodesset mei ad, ei labore explicari efficiendi quo, mei ea harum tincidunt adolescens. Esse iisque vituperata pri ad, ad nam quodsi deserunt. Eam cu habeo diceret honestatis.</p>', N'Putant ceteros volumus qui ad. Ne nec tale dicant eu.', N'Blog Administrator')
INSERT [dbo].[Posts] ([Id], [Description], [Modified], [Posted], [PostedBy], [Published], [Text], [Title], [AuthorName]) VALUES (7, N'Eu consulatu theophrastus qui, ei eum quidam persius incorrupte, ut eam sint feugait cotidieque. Legere aperiri pri in, porro maluisset complectitur ea sea. Duo cu quis tincidunt, id eam soleat salutatus, no harum iriure persecuti vim. Mea te elit sadipscing.', NULL, CAST(N'2017-10-12T21:47:29.377' AS DateTime), N'admin@simpleblog.com', 1, N'<p>Nam et purto prima, vero veniam vivendum per ex. Sed adipisci efficiantur theophrastus cu, mei no facer populo accusam, eos ad iriure platonem. An nam ipsum possim fuisset, doctus iisque sapientem quo ad, in iriure virtute theophrastus nec. Ex ius volutpat maiestatis, ei lorem molestiae pertinacia pri, cum id soluta melius electram.</p>
<p>Et mel sumo nulla sensibus, mei nisl commune ei, cu rebum homero mei. Duo id oratio iuvaret imperdiet, vim accusam accusata liberavisse et, eum agam possim in. Inani lucilius nec in. Ex sadipscing philosophia vim, ius ullum omittantur adversarium ea. Saepe laoreet te vis, similique conclusionemque qui ne. Nonumy soleat his ut.</p>', N'Sale luptatum eu qui. Aeque efficiendi has ut, fuisset cotidieque.', N'Blog Administrator')
INSERT [dbo].[Posts] ([Id], [Description], [Modified], [Posted], [PostedBy], [Published], [Text], [Title], [AuthorName]) VALUES (8, N'Dictas animal maiestatis sea ea, qui ei offendit ponderum expetenda. At nonumy civibus deseruisse sea, vix eros congue causae te.', NULL, CAST(N'2017-10-12T21:48:48.077' AS DateTime), N'admin@simpleblog.com', 1, N'<p>Id iusto facilisis vim, pro reque eleifend moderatius no. Usu erat nonumy ocurreret te, hendrerit liberavisse in cum. Id primis expetendis eum, an saperet consulatu his. Maluisset forensibus deterruisset at mel. Cetero prodesset eum eu. Cum id ubique doming facilisis.</p>
<p>Mentitum probatus eam in, ad solum adolescens cum. Eum populo definitiones at, at nec iudico quodsi virtute, postea utamur sed ex. Illud elitr eu pro, audiam tractatos cum ei. Latine blandit iracundia cu his. At nihil torquatos nam.</p>', N'Pri inani falli an, sed ex decore facilisi maluisset. Dicit eruditi id.', N'Blog Administrator')
INSERT [dbo].[Posts] ([Id], [Description], [Modified], [Posted], [PostedBy], [Published], [Text], [Title], [AuthorName]) VALUES (9, N'Id aliquid officiis pri. Ut brute admodum pertinax mea, no decore viderer feugait sea. Ea accusam contentiones his, no ubique complectitur usu, ut suavitate iudicabit est. An vim veniam tempor.', NULL, CAST(N'2017-10-12T21:50:57.140' AS DateTime), N'admin@simpleblog.com', 1, N'<p>Et insolens scripserit eam, vis ne blandit philosophia, ex vel mucius salutandi. Laudem fastidii ne his, et vix scripta verterem eloquentiam. Omnes vitae ullamcorper in has, his nulla labores nominati at. Vim at vero dolorem, in mel dolorum gloriatur moderatius, te veniam sapientem ius.</p>
<p>Ius inani tritani an, eos ei quis assum soluta, nec an veritus dolores pericula. Eam laudem blandit ea, per id meis soleat, ridens feugait propriae ei vis. Ei accusata mnesarchum est, pro posse affert suavitate cu. Graeci salutandi no est.</p>', N'Ex pro ferri postulant tractatos, nam ubique oblique albucius in. Modo iuvaret maluisset est id, et mea movet aperiri laboramus.', N'Blog Administrator')
INSERT [dbo].[Posts] ([Id], [Description], [Modified], [Posted], [PostedBy], [Published], [Text], [Title], [AuthorName]) VALUES (10, N'Eum exerci nemore id, per ad liber everti mandamus. Per ei postea menandri, mel at erat malorum interesset. Eam et vulputate adipiscing omittantur, ea diam evertitur forensibus vim, ad vel audiam vituperatoribus. Vis id laudem volutpat, at pro legimus legendos adolescens. Ex nam ocurreret eloquentiam, in magna laboramus mel.', NULL, CAST(N'2017-10-12T21:51:48.007' AS DateTime), N'admin@simpleblog.com', 1, N'<p>Ea eius consul sea. Eos et eripuit lucilius dissentiunt, mel eu prompta gubergren. Nonumy delectus eu pro, ei tation tritani honestatis nam, laboramus disputationi te sed. No usu autem accommodare.</p>
<p>Oportere conclusionemque ius in, sale choro ut has, option feugait adversarium te vel. Ad eum mucius corrumpit, novum veritus praesent eu qui. Mei inani senserit cu, pro et unum mutat quaerendum, pri et euismod fastidii. Wisi munere pro eu, ea per dicit nobis sadipscing. Nisl pericula mel ad.</p>
<p>Cu pri populo integre fierent. Sit ei discere recteque. Munere putent democritum ei vim, ferri delectus ex eum. Te omnesque eleifend sit, ea duo nisl noster conceptam, corpora concludaturque ex eum. Pro reque minim aliquip ad, sea vocent consulatu consetetur ad, ei facilis persecuti concludaturque cum.</p>', N'Et mei alia libris reformidans, euismod platonem ea cum. Sea illud appetere quaerendum te, conceptam.', N'Blog Administrator')
INSERT [dbo].[Posts] ([Id], [Description], [Modified], [Posted], [PostedBy], [Published], [Text], [Title], [AuthorName]) VALUES (11, N'Vix in offendit tacimates. Sit no magna suavitate. Eum epicuri intellegat in. Posse signiferumque et sit, tollit sapientem laboramus cu mel, mel te scriptorem deterruisset. Et has meliore iracundia, omnium torquatos mea ne.', NULL, CAST(N'2017-10-12T21:52:35.480' AS DateTime), N'admin@simpleblog.com', 1, N'<p>Ut sea homero iracundia. Impedit erroribus comprehensam mei ne. Diam recusabo per ea, volumus omittantur eos ut. No facete eloquentiam mel, nam hinc repudiandae ut. Saperet disputando nec eu, ea vix adhuc libris argumentum.</p>
<p>Possit pericula constituto est ei. Ne euismod laboramus elaboraret has, ea primis ancillae eam, vim eu quis tritani. Fierent erroribus mnesarchum his ea, nec ea brute harum. Ferri commodo dolores vim id, eu saepe euripidis vix. Ludus fastidii imperdiet et vel. Sea nominati electram patrioque ad, partiendo imperdiet gloriatur at vel.</p>', N'Augue minimum inciderint no mei. Ei ius audire erroribus adipiscing, ea mei iudico omnesque comprehensam.', N'Blog Administrator')
INSERT [dbo].[Posts] ([Id], [Description], [Modified], [Posted], [PostedBy], [Published], [Text], [Title], [AuthorName]) VALUES (12, N'Semper maiorum et sea, sea tota quas pertinax in. Ne movet timeam placerat mea, dicat laoreet ei duo, sit odio.', CAST(N'2017-10-12T21:53:24.717' AS DateTime), CAST(N'2017-10-12T21:53:21.067' AS DateTime), N'admin@simpleblog.com', 1, N'<p>Sea in falli deleniti. Eos ei consul nominati petentium, audire dolorum eloquentiam pro ei. Mei idque aliquid elaboraret te. In ius maluisset assueverit, meis eligendi ius ne. Aeterno graecis offendit ad quo, an nam verear oportere maluisset. Sit noster tractatos no.</p>
<p>No ius errem recusabo, ei nusquam dignissim sed. Aeterno placerat quaestio ex nec, ad sea dicam nonumes nostrum. Mel ex idque nonumes, atqui discere docendi eum ei. Eu agam senserit recteque sit, id modus viris vim, nam et dolore facilisis definitiones.</p>', N'Pro detraxit singulis.', N'Blog Administrator')
INSERT [dbo].[Posts] ([Id], [Description], [Modified], [Posted], [PostedBy], [Published], [Text], [Title], [AuthorName]) VALUES (13, N'An mel purto iriure molestiae, ei bonorum iudicabit eum possim.', CAST(N'2017-10-12T21:55:01.460' AS DateTime), CAST(N'2017-10-12T21:54:15.257' AS DateTime), N'admin@simpleblog.com', 1, N'<p>Populo definiebas conclusionemque ad eos, his libris habemus ei, id sea dolore antiopam. Et justo.</p>', N'Nec eu graeco gloriatur, est.', N'Blog Administrator')
SET IDENTITY_INSERT [dbo].[Posts] OFF
SET IDENTITY_INSERT [dbo].[Comments] ON 

INSERT [dbo].[Comments] ([Id], [CommentID], [Created], [Email], [IsVisible], [PostID], [Text], [UserName]) VALUES (1, NULL, CAST(N'2017-10-12T21:57:20.920' AS DateTime), N'reader1@gmail.com', 1, 13, N'Populo definiebas conclusionemque ad eos, his libris habemus ei, id sea dolore antiopam. Et justo.', N'Reader1')
INSERT [dbo].[Comments] ([Id], [CommentID], [Created], [Email], [IsVisible], [PostID], [Text], [UserName]) VALUES (2, 1, CAST(N'2017-10-12T21:57:58.350' AS DateTime), N'reader2@gmail.com', 1, 13, N'Eum vocent perfecto voluptaria eu, ei legimus dignissim cum. Ad alii persius vis, falli repudiandae vel ex, per fuisset hendrerit ad. An doming placerat ius, usu ad ceteros eleifend consectetuer. Eripuit corrumpit id ius, nec molestiae forensibus constituam ea.

Errem gloriatur usu et, at has congue vituperatoribus, dolore corrumpit an ius. Cum te graecis salutatus complectitur. Vim inermis fastidii conceptam in, agam accumsan insolens qui ex, ex sit modo periculis. At ius modo prima officiis, graeci putent usu cu. Labore delenit per eu, vim at tempor detracto.', N'Reader2')
INSERT [dbo].[Comments] ([Id], [CommentID], [Created], [Email], [IsVisible], [PostID], [Text], [UserName]) VALUES (3, 2, CAST(N'2017-10-12T21:58:41.547' AS DateTime), N'reader1@gmail.com', 1, 13, N'Magna viderer dolorem ne qui, an interesset omittantur vim, vis solum ipsum theophrastus ea. Eu tale euripidis intellegat vel, consul numquam antiopam cu sed. Posse erant convenire ad mea, vide mundi ceteros ei nam. Molestie suavitate id qui. Tantas antiopam incorrupte ex quo, eu vix detraxit neglegentur.', N'Reader1')
INSERT [dbo].[Comments] ([Id], [CommentID], [Created], [Email], [IsVisible], [PostID], [Text], [UserName]) VALUES (4, NULL, CAST(N'2017-10-12T21:59:30.563' AS DateTime), N'reader3@gmail.com', 1, 13, N'Putant legimus no eos. Vis ex nominati philosophia. Quando possit mediocrem sit te, primis viderer.', N'Reader3')
INSERT [dbo].[Comments] ([Id], [CommentID], [Created], [Email], [IsVisible], [PostID], [Text], [UserName]) VALUES (5, NULL, CAST(N'2017-10-12T22:00:24.560' AS DateTime), N'reader4@mail.com', 1, 12, N'Ut dicunt gubergren rationibus vix. Quo deserunt petentium conceptam te. Ad aliquando constituam eam et.', N'Reader4')
INSERT [dbo].[Comments] ([Id], [CommentID], [Created], [Email], [IsVisible], [PostID], [Text], [UserName]) VALUES (6, 4, CAST(N'2017-10-12T22:01:05.203' AS DateTime), N'admin@simpleblog.com', 1, 13, N'Mei ne iudicabit patrioque consetetur, nihil mentitum eu has. Ex vis tollit eripuit consectetuer, per.', N'Blog Administrator')
INSERT [dbo].[Comments] ([Id], [CommentID], [Created], [Email], [IsVisible], [PostID], [Text], [UserName]) VALUES (7, 2, CAST(N'2017-10-12T22:02:56.360' AS DateTime), N'admin@simpleblog.com', 1, 13, N'Ex duo exerci molestie, vix etiam eleifend te. Atqui audiam ullamcorper ei sea, quo ad quem nulla tacimates, ex qui vide mucius nonumes. In soluta latine referrentur has. Eos id nibh facilisi accusamus, mea no tincidunt ullamcorper. Facete debitis est et, vim atqui ignota definitiones ad.

Sea eruditi laoreet maiestatis in, duo posse elitr alienum id. Sed ne integre referrentur, ad zril maluisset cotidieque mei. Labores sadipscing mea ei, nam tale appellantur id, ei vix numquam facilisi efficiantur. Purto epicuri ut vis, cum no omnium consulatu, vero perpetua constituam ei nec. Similique persequeris per ei.', N'Blog Administrator')
INSERT [dbo].[Comments] ([Id], [CommentID], [Created], [Email], [IsVisible], [PostID], [Text], [UserName]) VALUES (8, 5, CAST(N'2017-10-12T22:04:23.000' AS DateTime), N'reader1@gmail.com', 1, 12, N'His ut reque latine convenire. Detracto eleifend conclusionemque no eos. Ut sit ridens abhorreant. Ex clita animal suscipit vix, te numquam denique pri.', N'Reader1')
INSERT [dbo].[Comments] ([Id], [CommentID], [Created], [Email], [IsVisible], [PostID], [Text], [UserName]) VALUES (9, NULL, CAST(N'2017-10-12T22:07:16.783' AS DateTime), N'reader5@server.net', 1, 11, N'Mel dicant constituam ut. Et adhuc elaboraret nam. Omnium legendos ei sea, te nec delenit percipitur deterruisset. Duo ut facilis delicata liberavisse, nostrud petentium neglegentur et has. Vivendo indoctum conceptam cu eum, qui deleniti percipit suscipiantur eu. Veniam instructior ei qui, sea feugiat habemus ut.', N'Reader5')
INSERT [dbo].[Comments] ([Id], [CommentID], [Created], [Email], [IsVisible], [PostID], [Text], [UserName]) VALUES (10, 9, CAST(N'2017-10-12T22:07:42.243' AS DateTime), N'admin@simpleblog.com', 1, 11, N'Est graeci bonorum ut, facete tritani verterem cu sea, vidit timeam te vis. Ut vim nominavi appellantur, vulputate temporibus duo te, id aliquando democritum vis. Senserit inciderint duo at. Ei commodo debitis singulis pri, ius eu quem movet audiam. Amet illud vim ei. Mel in everti efficiendi, pri ea nostro epicuri temporibus, enim magna eam ex. Ut vim novum exerci mollis, ius ex erat nullam.', N'Blog Administrator')
INSERT [dbo].[Comments] ([Id], [CommentID], [Created], [Email], [IsVisible], [PostID], [Text], [UserName]) VALUES (11, NULL, CAST(N'2017-10-12T23:43:27.040' AS DateTime), N'reader6@mail.net', 1, 10, N'Ne sed propriae gloriatur. Nonumy oportere sea an, eu cum velit praesent, mei brute nulla te. Ius aliquam reprimique honestatis at. Per in justo impedit delicata, pro an reprimique omittantur.', N'Reader6')
INSERT [dbo].[Comments] ([Id], [CommentID], [Created], [Email], [IsVisible], [PostID], [Text], [UserName]) VALUES (12, 11, CAST(N'2017-10-12T23:44:15.657' AS DateTime), N'reader1@gmail.com', 1, 10, N'Id novum audire inimicus his. Mandamus adolescens eos ad. Movet clita aliquip ex vel, an.', N'Reader1')
INSERT [dbo].[Comments] ([Id], [CommentID], [Created], [Email], [IsVisible], [PostID], [Text], [UserName]) VALUES (13, 8, CAST(N'2017-10-12T23:47:02.420' AS DateTime), N'admin@simpleblog.com', 1, 12, N'Pri solum doctus mnesarchum no, pri no omittam scribentur. Te porro bonorum omittantur vis, ea vix eruditi placerat. Ullum convenire vix ei, his te quodsi impetus reprimique. Intellegat consetetur ne sed, quo putent ocurreret eu. Vel no harum congue intellegat.', N'Blog Administrator')
SET IDENTITY_INSERT [dbo].[Comments] OFF
SET IDENTITY_INSERT [dbo].[Tags] ON 

INSERT [dbo].[Tags] ([Id], [Name]) VALUES (1, N'news')
INSERT [dbo].[Tags] ([Id], [Name]) VALUES (2, N'world')
INSERT [dbo].[Tags] ([Id], [Name]) VALUES (3, N'music')
INSERT [dbo].[Tags] ([Id], [Name]) VALUES (4, N'sport')
INSERT [dbo].[Tags] ([Id], [Name]) VALUES (5, N'cinema')
INSERT [dbo].[Tags] ([Id], [Name]) VALUES (6, N'interesting')
INSERT [dbo].[Tags] ([Id], [Name]) VALUES (7, N'personal')
SET IDENTITY_INSERT [dbo].[Tags] OFF
SET IDENTITY_INSERT [dbo].[PostTags] ON 

INSERT [dbo].[PostTags] ([Id], [PostID], [TagID]) VALUES (1, 1, 1)
INSERT [dbo].[PostTags] ([Id], [PostID], [TagID]) VALUES (2, 1, 2)
INSERT [dbo].[PostTags] ([Id], [PostID], [TagID]) VALUES (3, 2, 3)
INSERT [dbo].[PostTags] ([Id], [PostID], [TagID]) VALUES (4, 2, 6)
INSERT [dbo].[PostTags] ([Id], [PostID], [TagID]) VALUES (5, 3, 4)
INSERT [dbo].[PostTags] ([Id], [PostID], [TagID]) VALUES (6, 4, 7)
INSERT [dbo].[PostTags] ([Id], [PostID], [TagID]) VALUES (7, 4, 5)
INSERT [dbo].[PostTags] ([Id], [PostID], [TagID]) VALUES (8, 5, 7)
INSERT [dbo].[PostTags] ([Id], [PostID], [TagID]) VALUES (9, 6, 5)
INSERT [dbo].[PostTags] ([Id], [PostID], [TagID]) VALUES (10, 7, 5)
INSERT [dbo].[PostTags] ([Id], [PostID], [TagID]) VALUES (11, 7, 6)
INSERT [dbo].[PostTags] ([Id], [PostID], [TagID]) VALUES (12, 8, 4)
INSERT [dbo].[PostTags] ([Id], [PostID], [TagID]) VALUES (13, 8, 1)
INSERT [dbo].[PostTags] ([Id], [PostID], [TagID]) VALUES (14, 9, 3)
INSERT [dbo].[PostTags] ([Id], [PostID], [TagID]) VALUES (15, 9, 7)
INSERT [dbo].[PostTags] ([Id], [PostID], [TagID]) VALUES (16, 10, 2)
INSERT [dbo].[PostTags] ([Id], [PostID], [TagID]) VALUES (17, 10, 1)
INSERT [dbo].[PostTags] ([Id], [PostID], [TagID]) VALUES (18, 10, 6)
INSERT [dbo].[PostTags] ([Id], [PostID], [TagID]) VALUES (19, 11, 5)
INSERT [dbo].[PostTags] ([Id], [PostID], [TagID]) VALUES (20, 11, 6)
INSERT [dbo].[PostTags] ([Id], [PostID], [TagID]) VALUES (21, 12, 7)
INSERT [dbo].[PostTags] ([Id], [PostID], [TagID]) VALUES (22, 13, 1)
INSERT [dbo].[PostTags] ([Id], [PostID], [TagID]) VALUES (23, 13, 7)
SET IDENTITY_INSERT [dbo].[PostTags] OFF
